{"cameraMode":{"drawMode":0,"name":"Shaded","section":"Shading Mode"},"sceneLighting":true,"audioPlay":false,"sceneViewState":{"m_AlwaysRefresh":false,"showFog":true,"showSkybox":true,"showFlares":true,"showImageEffects":true,"showParticleSystems":true,"showVisualEffectGraphs":true,"m_FxEnabled":true},"in2DMode":false,"pivot":{"x":10.121175765991211,"y":4.723084449768066,"z":-9.428228378295899},"rotation":{"x":-0.007190263830125332,"y":0.0014949972974136472,"z":0.00001073817111318931,"w":0.9999752640724182},"size":13.282661437988282,"orthographic":false}